iter	RMSE
0	371.5244668
1	352.0021354
2	327.2674062
3	307.8949059
4	289.1700207
5	271.2979305
6	257.1765296
7	244.3646296
8	233.7453371
9	220.722999
10	208.7338275
11	197.5767719
12	190.1595704
13	181.3978028
14	174.1509056
15	166.9800448
16	159.5448105
17	149.3953598
18	146.0684427
19	142.9401566
